Id,PATIENTID,PROVIDERID,PRIMARYPATIENTINSURANCEID,SECONDARYPATIENTINSURANCEID,DEPARTMENTID,PATIENTDEPARTMENTID,DIAGNOSIS1,DIAGNOSIS2,DIAGNOSIS3,DIAGNOSIS4,DIAGNOSIS5,DIAGNOSIS6,DIAGNOSIS7,DIAGNOSIS8,REFERRINGPROVIDERID,APPOINTMENTID,CURRENTILLNESSDATE,SERVICEDATE,SUPERVISINGPROVIDERID,STATUS1,STATUS2,STATUSP,OUTSTANDING1,OUTSTANDING2,OUTSTANDINGP,LASTBILLEDDATE1,LASTBILLEDDATE2,LASTBILLEDDATEP,HEALTHCARECLAIMTYPEID1,HEALTHCARECLAIMTYPEID2
0f1067c3-9151-8829-da4a-5051d5b63777,0f1067c3-9151-8829-56cd-2eff898db59c,20c718f3-80bd-31d6-aad6-87c3e9f4cf73,df166300-5a78-3502-a46a-832842197811,,2,2,389095005,,,,,,,,,0f1067c3-9151-8829-27eb-8309d61c76bc,2024-06-17T06:11:46Z,2024-06-17T06:11:46Z,20c718f3-80bd-31d6-aad6-87c3e9f4cf73,CLOSED,CLOSED,CLOSED,0,0,0,2024-06-17T06:26:46Z,2024-06-17T06:26:46Z,2024-06-17T06:26:46Z,2,2
0f1067c3-9151-8829-6ce9-b8deaed200f9,0f1067c3-9151-8829-56cd-2eff898db59c,20c718f3-80bd-31d6-aad6-87c3e9f4cf73,df166300-5a78-3502-a46a-832842197811,,2,2,389095005,,,,,,,,,0f1067c3-9151-8829-27eb-8309d61c76bc,2024-06-17T06:11:46Z,2024-06-17T06:11:46Z,20c718f3-80bd-31d6-aad6-87c3e9f4cf73,CLOSED,CLOSED,CLOSED,0,0,0,2024-06-17T06:26:46Z,2024-06-17T06:26:46Z,2024-06-17T06:26:46Z,2,2
0f1067c3-9151-8829-f359-e05b4804e288,0f1067c3-9151-8829-56cd-2eff898db59c,20c718f3-80bd-31d6-aad6-87c3e9f4cf73,,,2,2,389095005,,,,,,,,,0f1067c3-9151-8829-19cd-e106b8c82f16,2025-06-12T06:11:46Z,2025-06-12T06:11:46Z,20c718f3-80bd-31d6-aad6-87c3e9f4cf73,CLOSED,CLOSED,CLOSED,0,0,0,2025-06-12T06:26:46Z,2025-06-12T06:26:46Z,2025-06-12T06:26:46Z,2,2
0f1067c3-9151-8829-cb61-ad71a8c72e16,0f1067c3-9151-8829-56cd-2eff898db59c,20c718f3-80bd-31d6-aad6-87c3e9f4cf73,,,2,2,389095005,,,,,,,,,0f1067c3-9151-8829-19cd-e106b8c82f16,2025-06-12T06:11:46Z,2025-06-12T06:11:46Z,20c718f3-80bd-31d6-aad6-87c3e9f4cf73,CLOSED,CLOSED,CLOSED,0,0,0,2025-06-12T06:26:46Z,2025-06-12T06:26:46Z,2025-06-12T06:26:46Z,2,2
0f1067c3-9151-8829-48e4-5fa21cfcf62d,0f1067c3-9151-8829-56cd-2eff898db59c,20c718f3-80bd-31d6-aad6-87c3e9f4cf73,df166300-5a78-3502-a46a-832842197811,,1,1,103697008,,,,,,,,,0f1067c3-9151-8829-509a-237ba67519d9,2025-08-05T07:45:31Z,2025-08-19T06:11:46Z,20c718f3-80bd-31d6-aad6-87c3e9f4cf73,CLOSED,CLOSED,CLOSED,0,0,0,2025-08-19T09:29:21Z,2025-08-19T09:29:21Z,2025-08-19T09:29:21Z,2,2
0f1067c3-9151-8829-f6a7-89e9fbd34a0b,0f1067c3-9151-8829-56cd-2eff898db59c,20c718f3-80bd-31d6-aad6-87c3e9f4cf73,df166300-5a78-3502-a46a-832842197811,,1,1,103697008,,,,,,,,,0f1067c3-9151-8829-509a-237ba67519d9,2025-08-05T07:45:31Z,2025-08-19T06:11:46Z,20c718f3-80bd-31d6-aad6-87c3e9f4cf73,CLOSED,CLOSED,CLOSED,0,0,0,2025-08-19T09:29:21Z,2025-08-19T09:29:21Z,2025-08-19T09:29:21Z,2,2
0f1067c3-9151-8829-ad70-bc9e0de53cc0,0f1067c3-9151-8829-56cd-2eff898db59c,20c718f3-80bd-31d6-aad6-87c3e9f4cf73,df166300-5a78-3502-a46a-832842197811,,1,1,307426000,,,,,,,,,0f1067c3-9151-8829-5151-1385c17feef0,2025-10-18T06:11:46Z,2025-10-18T06:11:46Z,20c718f3-80bd-31d6-aad6-87c3e9f4cf73,CLOSED,CLOSED,CLOSED,0,0,0,2025-10-18T07:39:30Z,2025-10-18T07:39:30Z,2025-10-18T07:39:30Z,2,2
0f1067c3-9151-8829-8d71-b578b1be43ee,0f1067c3-9151-8829-56cd-2eff898db59c,20c718f3-80bd-31d6-aad6-87c3e9f4cf73,df166300-5a78-3502-a46a-832842197811,,1,1,307426000,,,,,,,,,0f1067c3-9151-8829-5151-1385c17feef0,2025-10-18T06:11:46Z,2025-10-18T06:11:46Z,20c718f3-80bd-31d6-aad6-87c3e9f4cf73,CLOSED,CLOSED,CLOSED,0,0,0,2025-10-18T07:39:30Z,2025-10-18T07:39:30Z,2025-10-18T07:39:30Z,2,2
0f1067c3-9151-8829-f6f0-3255506c0905,0f1067c3-9151-8829-56cd-2eff898db59c,20c718f3-80bd-31d6-aad6-87c3e9f4cf73,df166300-5a78-3502-a46a-832842197811,,1,1,609328004,,,,,,,,,0f1067c3-9151-8829-0e72-aa23303c354c,2015-02-04T22:11:46Z,2026-05-23T13:37:17Z,20c718f3-80bd-31d6-aad6-87c3e9f4cf73,CLOSED,CLOSED,CLOSED,0,0,0,2026-05-23T14:24:32Z,2026-05-23T14:24:32Z,2026-05-23T14:24:32Z,2,2
0f1067c3-9151-8829-f27b-92923a43268f,0f1067c3-9151-8829-56cd-2eff898db59c,20c718f3-80bd-31d6-aad6-87c3e9f4cf73,df166300-5a78-3502-a46a-832842197811,,2,2,389095005,,,,,,,,,0f1067c3-9151-8829-a72b-810268cecd7e,2026-06-07T06:11:46Z,2026-06-07T06:11:46Z,20c718f3-80bd-31d6-aad6-87c3e9f4cf73,CLOSED,CLOSED,CLOSED,0,0,0,2026-06-07T06:26:46Z,2026-06-07T06:26:46Z,2026-06-07T06:26:46Z,2,2
0f1067c3-9151-8829-af12-e349c7bbc690,0f1067c3-9151-8829-56cd-2eff898db59c,20c718f3-80bd-31d6-aad6-87c3e9f4cf73,df166300-5a78-3502-a46a-832842197811,,2,2,389095005,,,,,,,,,0f1067c3-9151-8829-a72b-810268cecd7e,2026-06-07T06:11:46Z,2026-06-07T06:11:46Z,20c718f3-80bd-31d6-aad6-87c3e9f4cf73,CLOSED,CLOSED,CLOSED,0,0,0,2026-06-07T06:26:46Z,2026-06-07T06:26:46Z,2026-06-07T06:26:46Z,2,2
0f1067c3-9151-8829-b6e5-7ffa40785b1e,0f1067c3-9151-8829-56cd-2eff898db59c,20c718f3-80bd-31d6-aad6-87c3e9f4cf73,df166300-5a78-3502-a46a-832842197811,,1,1,609328004,,,,,,,,,0f1067c3-9151-8829-de48-2d3c2c990501,2015-02-04T22:11:46Z,2026-06-18T14:24:32Z,20c718f3-80bd-31d6-aad6-87c3e9f4cf73,CLOSED,CLOSED,CLOSED,0,0,0,2026-06-18T14:56:25Z,2026-06-18T14:56:25Z,2026-06-18T14:56:25Z,2,2
0f1067c3-9151-8829-18fa-bdf0c42a381d,0f1067c3-9151-8829-56cd-2eff898db59c,20c718f3-80bd-31d6-aad6-87c3e9f4cf73,,,1,1,609328004,,,,,,,,,0f1067c3-9151-8829-59f8-7a2159ca140f,2015-02-04T22:11:46Z,2026-07-12T14:56:25Z,20c718f3-80bd-31d6-aad6-87c3e9f4cf73,CLOSED,CLOSED,CLOSED,0,0,0,2026-07-12T15:32:03Z,2026-07-12T15:32:03Z,2026-07-12T15:32:03Z,2,2
0f1067c3-9151-8829-bf51-04488d3a4fd2,0f1067c3-9151-8829-56cd-2eff898db59c,de88b05c-83c6-3f8c-9bb3-b293885d0ef6,,,10,10,314529007,,,,,,,,,0f1067c3-9151-8829-17fb-cc1781f975a5,2026-08-11T06:11:46Z,2026-08-11T06:11:46Z,de88b05c-83c6-3f8c-9bb3-b293885d0ef6,CLOSED,CLOSED,CLOSED,0,0,0,2026-08-11T06:26:46Z,2026-08-11T06:26:46Z,2026-08-11T06:26:46Z,1,1
080b069b-5108-46b6-e460-a6a47c0ae36d,080b069b-5108-46b6-ecef-6aacd3b9ef3f,34ce9b60-b439-3880-b344-5b6f73b2d7d1,df166300-5a78-3502-a46a-832842197811,,20,20,314529007,160904001,424393004,,,,,,,080b069b-5108-46b6-7ab2-0299361d5dc1,2024-02-25T12:43:42Z,2024-02-25T12:43:42Z,34ce9b60-b439-3880-b344-5b6f73b2d7d1,CLOSED,CLOSED,CLOSED,0,0,0,2024-02-25T13:30:25Z,2024-02-25T13:30:25Z,2024-02-25T13:30:25Z,1,1
080b069b-5108-46b6-6668-0b8ea4b6471a,080b069b-5108-46b6-ecef-6aacd3b9ef3f,34ce9b60-b439-3880-b344-5b6f73b2d7d1,df166300-5a78-3502-a46a-832842197811,,20,20,314529007,160904001,424393004,,,,,,,080b069b-5108-46b6-7ab2-0299361d5dc1,2024-02-25T12:43:42Z,2024-02-25T12:43:42Z,34ce9b60-b439-3880-b344-5b6f73b2d7d1,CLOSED,CLOSED,CLOSED,0,0,0,2024-02-25T13:30:25Z,2024-02-25T13:30:25Z,2024-02-25T13:30:25Z,1,1
080b069b-5108-46b6-8b4f-b36ed123e0e7,080b069b-5108-46b6-ecef-6aacd3b9ef3f,34ce9b60-b439-3880-b344-5b6f73b2d7d1,df166300-5a78-3502-a46a-832842197811,,20,20,314529007,160904001,424393004,,,,,,,080b069b-5108-46b6-7ab2-0299361d5dc1,2024-02-25T12:43:42Z,2024-02-25T12:43:42Z,34ce9b60-b439-3880-b344-5b6f73b2d7d1,CLOSED,CLOSED,CLOSED,0,0,0,2024-02-25T13:30:25Z,2024-02-25T13:30:25Z,2024-02-25T13:30:25Z,1,1
080b069b-5108-46b6-b9f2-0952fe0406f5,080b069b-5108-46b6-ecef-6aacd3b9ef3f,34ce9b60-b439-3880-b344-5b6f73b2d7d1,df166300-5a78-3502-a46a-832842197811,,20,20,314529007,160904001,424393004,,,,,,,080b069b-5108-46b6-7ab2-0299361d5dc1,2024-02-25T12:43:42Z,2024-02-25T12:43:42Z,34ce9b60-b439-3880-b344-5b6f73b2d7d1,CLOSED,CLOSED,CLOSED,0,0,0,2024-02-25T13:30:25Z,2024-02-25T13:30:25Z,2024-02-25T13:30:25Z,1,1
080b069b-5108-46b6-7345-ee824928818c,080b069b-5108-46b6-ecef-6aacd3b9ef3f,a0951dfd-f7ec-379e-9745-65b945611c0e,df166300-5a78-3502-a46a-832842197811,,1,1,444814009,444814009,,,,,,,,080b069b-5108-46b6-d01c-3a5eaf46dd64,2024-03-23T07:43:42Z,2024-03-23T07:43:42Z,a0951dfd-f7ec-379e-9745-65b945611c0e,CLOSED,CLOSED,CLOSED,0,0,0,2024-03-23T07:58:42Z,2024-03-23T07:58:42Z,2024-03-23T07:58:42Z,2,2
080b069b-5108-46b6-3ac6-bb6fe42dcf67,080b069b-5108-46b6-ecef-6aacd3b9ef3f,34ce9b60-b439-3880-b344-5b6f73b2d7d1,df166300-5a78-3502-a46a-832842197811,,20,20,160903007,,,,,,,,,080b069b-5108-46b6-b0e7-6e3396bc2b28,2025-03-02T12:43:42Z,2025-03-02T12:43:42Z,34ce9b60-b439-3880-b344-5b6f73b2d7d1,CLOSED,CLOSED,CLOSED,0,0,0,2025-03-02T13:34:44Z,2025-03-02T13:34:44Z,2025-03-02T13:34:44Z,1,1
080b069b-5108-46b6-d2c7-3638e32dc21c,080b069b-5108-46b6-ecef-6aacd3b9ef3f,34ce9b60-b439-3880-b344-5b6f73b2d7d1,df166300-5a78-3502-a46a-832842197811,,20,20,160903007,,,,,,,,,080b069b-5108-46b6-b0e7-6e3396bc2b28,2025-03-02T12:43:42Z,2025-03-02T12:43:42Z,34ce9b60-b439-3880-b344-5b6f73b2d7d1,CLOSED,CLOSED,CLOSED,0,0,0,2025-03-02T13:34:44Z,2025-03-02T13:34:44Z,2025-03-02T13:34:44Z,1,1
080b069b-5108-46b6-e197-69a68c2a89a8,080b069b-5108-46b6-ecef-6aacd3b9ef3f,34ce9b60-b439-3880-b344-5b6f73b2d7d1,df166300-5a78-3502-a46a-832842197811,,20,20,160903007,,,,,,,,,080b069b-5108-46b6-b0e7-6e3396bc2b28,2025-03-02T12:43:42Z,2025-03-02T12:43:42Z,34ce9b60-b439-3880-b344-5b6f73b2d7d1,CLOSED,CLOSED,CLOSED,0,0,0,2025-03-02T13:34:44Z,2025-03-02T13:34:44Z,2025-03-02T13:34:44Z,1,1
080b069b-5108-46b6-fba7-a195452b72d4,080b069b-5108-46b6-ecef-6aacd3b9ef3f,34ce9b60-b439-3880-b344-5b6f73b2d7d1,df166300-5a78-3502-a46a-832842197811,,20,20,160903007,,,,,,,,,080b069b-5108-46b6-b0e7-6e3396bc2b28,2025-03-02T12:43:42Z,2025-03-02T12:43:42Z,34ce9b60-b439-3880-b344-5b6f73b2d7d1,CLOSED,CLOSED,CLOSED,0,0,0,2025-03-02T13:34:44Z,2025-03-02T13:34:44Z,2025-03-02T13:34:44Z,1,1
080b069b-5108-46b6-949d-420a6dd70e2e,080b069b-5108-46b6-ecef-6aacd3b9ef3f,a0951dfd-f7ec-379e-9745-65b945611c0e,df166300-5a78-3502-a46a-832842197811,,1,1,103697008,,,,,,,,,080b069b-5108-46b6-ee2b-690482c94a73,2025-03-02T14:32:49Z,2025-03-16T12:43:42Z,a0951dfd-f7ec-379e-9745-65b945611c0e,CLOSED,CLOSED,CLOSED,0,0,0,2025-03-16T15:34:08Z,2025-03-16T15:34:08Z,2025-03-16T15:34:08Z,2,2
080b069b-5108-46b6-192b-405ddf2a0cf3,080b069b-5108-46b6-ecef-6aacd3b9ef3f,34ce9b60-b439-3880-b344-5b6f73b2d7d1,df166300-5a78-3502-a46a-832842197811,,20,20,314529007,,,,,,,,,080b069b-5108-46b6-ff59-3a28ec1074ef,2026-03-08T12:43:42Z,2026-03-08T12:43:42Z,34ce9b60-b439-3880-b344-5b6f73b2d7d1,CLOSED,CLOSED,CLOSED,0,0,0,2026-03-08T13:23:19Z,2026-03-08T13:23:19Z,2026-03-08T13:23:19Z,1,1
080b069b-5108-46b6-f007-537fb2217fb7,080b069b-5108-46b6-ecef-6aacd3b9ef3f,34ce9b60-b439-3880-b344-5b6f73b2d7d1,df166300-5a78-3502-a46a-832842197811,,20,20,314529007,,,,,,,,,080b069b-5108-46b6-ff59-3a28ec1074ef,2026-03-08T12:43:42Z,2026-03-08T12:43:42Z,34ce9b60-b439-3880-b344-5b6f73b2d7d1,CLOSED,CLOSED,CLOSED,0,0,0,2026-03-08T13:23:19Z,2026-03-08T13:23:19Z,2026-03-08T13:23:19Z,1,1
080b069b-5108-46b6-a845-42e367804311,080b069b-5108-46b6-ecef-6aacd3b9ef3f,34ce9b60-b439-3880-b344-5b6f73b2d7d1,df166300-5a78-3502-a46a-832842197811,,20,20,314529007,,,,,,,,,080b069b-5108-46b6-ff59-3a28ec1074ef,2026-03-08T12:43:42Z,2026-03-08T12:43:42Z,34ce9b60-b439-3880-b344-5b6f73b2d7d1,CLOSED,CLOSED,CLOSED,0,0,0,2026-03-08T13:23:19Z,2026-03-08T13:23:19Z,2026-03-08T13:23:19Z,1,1
080b069b-5108-46b6-e924-cfd8c3cc6684,080b069b-5108-46b6-ecef-6aacd3b9ef3f,34ce9b60-b439-3880-b344-5b6f73b2d7d1,df166300-5a78-3502-a46a-832842197811,,20,20,314529007,,,,,,,,,080b069b-5108-46b6-ff59-3a28ec1074ef,2026-03-08T12:43:42Z,2026-03-08T12:43:42Z,34ce9b60-b439-3880-b344-5b6f73b2d7d1,CLOSED,CLOSED,CLOSED,0,0,0,2026-03-08T13:23:19Z,2026-03-08T13:23:19Z,2026-03-08T13:23:19Z,1,1
26aa011e-0d75-d1a3-263e-cc1007c3c705,26aa011e-0d75-d1a3-3c5a-560a9450cc9d,bcf66c40-a411-38cc-8ea1-7575b57edf78,0133f751-9229-3cfd-815f-b6d4979bdd6a,,4,4,384709000,384709000,44465007,,,,,,,26aa011e-0d75-d1a3-415f-d176c932a3b1,2019-01-09T07:28:05Z,2019-01-09T07:28:05Z,bcf66c40-a411-38cc-8ea1-7575b57edf78,CLOSED,CLOSED,CLOSED,0,0,0,2019-01-09T08:28:05Z,2019-01-09T08:28:05Z,2019-01-09T08:28:05Z,2,2
26aa011e-0d75-d1a3-4a13-d6ee746635a8,26aa011e-0d75-d1a3-3c5a-560a9450cc9d,bcf66c40-a411-38cc-8ea1-7575b57edf78,0133f751-9229-3cfd-815f-b6d4979bdd6a,,4,4,384709000,384709000,44465007,,,,,,,26aa011e-0d75-d1a3-415f-d176c932a3b1,2019-01-09T07:28:05Z,2019-01-09T07:28:05Z,bcf66c40-a411-38cc-8ea1-7575b57edf78,CLOSED,CLOSED,CLOSED,0,0,0,2019-01-09T08:28:05Z,2019-01-09T08:28:05Z,2019-01-09T08:28:05Z,2,2
26aa011e-0d75-d1a3-6128-ba86c2a67f1c,26aa011e-0d75-d1a3-3c5a-560a9450cc9d,bcf66c40-a411-38cc-8ea1-7575b57edf78,8fa6c185-e44e-3e34-8bd8-39be8694f4ce,,4,4,48333001,48333001,403190006,,,,,,,26aa011e-0d75-d1a3-fc9f-f4b8e2fc482b,2022-03-10T07:28:05Z,2022-03-10T07:28:05Z,bcf66c40-a411-38cc-8ea1-7575b57edf78,CLOSED,CLOSED,CLOSED,0,0,0,2022-03-10T08:28:05Z,2022-03-10T08:28:05Z,2022-03-10T08:28:05Z,2,2
26aa011e-0d75-d1a3-1d99-cf15a834b763,26aa011e-0d75-d1a3-3c5a-560a9450cc9d,bcf66c40-a411-38cc-8ea1-7575b57edf78,8fa6c185-e44e-3e34-8bd8-39be8694f4ce,,4,4,48333001,48333001,403190006,,,,,,,26aa011e-0d75-d1a3-fc9f-f4b8e2fc482b,2022-03-10T07:28:05Z,2022-03-10T07:28:05Z,bcf66c40-a411-38cc-8ea1-7575b57edf78,CLOSED,CLOSED,CLOSED,0,0,0,2022-03-10T08:28:05Z,2022-03-10T08:28:05Z,2022-03-10T08:28:05Z,2,2
26aa011e-0d75-d1a3-8afe-7990472e273c,26aa011e-0d75-d1a3-3c5a-560a9450cc9d,1c1ddd10-c610-3689-9ab7-b3986e384521,8fa6c185-e44e-3e34-8bd8-39be8694f4ce,,1,1,103697008,,,,,,,,,26aa011e-0d75-d1a3-842f-10d2e661e158,2023-05-19T07:28:05Z,2023-05-19T07:28:05Z,1c1ddd10-c610-3689-9ab7-b3986e384521,CLOSED,CLOSED,CLOSED,0,0,0,2023-05-19T11:16:49Z,2023-05-19T11:16:49Z,2023-05-19T11:16:49Z,2,2
26aa011e-0d75-d1a3-58aa-814352a71a8e,26aa011e-0d75-d1a3-3c5a-560a9450cc9d,1c1ddd10-c610-3689-9ab7-b3986e384521,8fa6c185-e44e-3e34-8bd8-39be8694f4ce,,1,1,103697008,,,,,,,,,26aa011e-0d75-d1a3-842f-10d2e661e158,2023-05-19T07:28:05Z,2023-05-19T07:28:05Z,1c1ddd10-c610-3689-9ab7-b3986e384521,CLOSED,CLOSED,CLOSED,0,0,0,2023-05-19T11:16:49Z,2023-05-19T11:16:49Z,2023-05-19T11:16:49Z,2,2
26aa011e-0d75-d1a3-287f-b710173d0fb7,26aa011e-0d75-d1a3-3c5a-560a9450cc9d,1c1ddd10-c610-3689-9ab7-b3986e384521,734afbd6-4794-363b-9bc0-6a3981533ed5,,1,1,43878008,43878008,,,,,,,,26aa011e-0d75-d1a3-c165-8b904776cd43,2026-02-21T09:28:05Z,2026-02-21T09:28:05Z,1c1ddd10-c610-3689-9ab7-b3986e384521,CLOSED,CLOSED,CLOSED,0,0,0,2026-02-21T09:43:05Z,2026-02-21T09:43:05Z,2026-02-21T09:43:05Z,2,2
26aa011e-0d75-d1a3-5cd8-2e37e8b8b7ac,26aa011e-0d75-d1a3-3c5a-560a9450cc9d,1c1ddd10-c610-3689-9ab7-b3986e384521,734afbd6-4794-363b-9bc0-6a3981533ed5,,1,1,43878008,43878008,,,,,,,,26aa011e-0d75-d1a3-c165-8b904776cd43,2026-02-21T09:28:05Z,2026-02-21T09:28:05Z,1c1ddd10-c610-3689-9ab7-b3986e384521,CLOSED,CLOSED,CLOSED,0,0,0,2026-02-21T09:43:05Z,2026-02-21T09:43:05Z,2026-02-21T09:43:05Z,2,2
26aa011e-0d75-d1a3-f3c1-1f2ece95f725,26aa011e-0d75-d1a3-3c5a-560a9450cc9d,88a61db7-ba03-3246-9969-5b41124629f9,734afbd6-4794-363b-9bc0-6a3981533ed5,,10,10,66383009,,,,,,,,,26aa011e-0d75-d1a3-5816-8edc738fd7b1,2026-05-22T07:28:05Z,2026-05-22T07:28:05Z,88a61db7-ba03-3246-9969-5b41124629f9,CLOSED,CLOSED,CLOSED,0,0,0,2026-05-22T07:43:05Z,2026-05-22T07:43:05Z,2026-05-22T07:43:05Z,1,1
26aa011e-0d75-d1a3-e455-0afd1b577d3a,26aa011e-0d75-d1a3-3c5a-560a9450cc9d,1c1ddd10-c610-3689-9ab7-b3986e384521,734afbd6-4794-363b-9bc0-6a3981533ed5,,1,1,66383009,,,,,,,,,26aa011e-0d75-d1a3-eadb-109edde8bfdc,2026-06-05T07:28:05Z,2026-06-05T07:28:05Z,1c1ddd10-c610-3689-9ab7-b3986e384521,CLOSED,CLOSED,CLOSED,0,0,0,2026-06-05T10:23:10Z,2026-06-05T10:23:10Z,2026-06-05T10:23:10Z,2,2
26aa011e-0d75-d1a3-4354-9570dabdb050,26aa011e-0d75-d1a3-3c5a-560a9450cc9d,1c1ddd10-c610-3689-9ab7-b3986e384521,734afbd6-4794-363b-9bc0-6a3981533ed5,,1,1,10509002,10509002,,,,,,,,26aa011e-0d75-d1a3-706f-107f651ee7ff,2026-07-16T22:28:05Z,2026-07-16T22:28:05Z,1c1ddd10-c610-3689-9ab7-b3986e384521,CLOSED,CLOSED,CLOSED,0,0,0,2026-07-16T22:47:12Z,2026-07-16T22:47:12Z,2026-07-16T22:47:12Z,2,2
26aa011e-0d75-d1a3-09c4-98fbe2afa466,26aa011e-0d75-d1a3-3c5a-560a9450cc9d,1c1ddd10-c610-3689-9ab7-b3986e384521,734afbd6-4794-363b-9bc0-6a3981533ed5,,1,1,10509002,10509002,,,,,,,,26aa011e-0d75-d1a3-706f-107f651ee7ff,2026-07-16T22:28:05Z,2026-07-16T22:28:05Z,1c1ddd10-c610-3689-9ab7-b3986e384521,CLOSED,CLOSED,CLOSED,0,0,0,2026-07-16T22:47:12Z,2026-07-16T22:47:12Z,2026-07-16T22:47:12Z,2,2
26aa011e-0d75-d1a3-11f5-63603a5d99c2,26aa011e-0d75-d1a3-3c5a-560a9450cc9d,1c1ddd10-c610-3689-9ab7-b3986e384521,734afbd6-4794-363b-9bc0-6a3981533ed5,,2,2,66383009,,,,,,,,,26aa011e-0d75-d1a3-9a41-99d58913cd4b,2026-07-24T07:28:05Z,2026-07-24T07:28:05Z,1c1ddd10-c610-3689-9ab7-b3986e384521,CLOSED,CLOSED,CLOSED,0,0,0,2026-07-24T07:43:05Z,2026-07-24T07:43:05Z,2026-07-24T07:43:05Z,2,2
26aa011e-0d75-d1a3-43cc-69880b4c6b6c,26aa011e-0d75-d1a3-3c5a-560a9450cc9d,1c1ddd10-c610-3689-9ab7-b3986e384521,734afbd6-4794-363b-9bc0-6a3981533ed5,,1,1,66383009,,,,,,,,,26aa011e-0d75-d1a3-bbee-4eaa0cc94e85,2026-08-07T07:28:05Z,2026-08-07T07:28:05Z,1c1ddd10-c610-3689-9ab7-b3986e384521,CLOSED,CLOSED,CLOSED,0,0,0,2026-08-07T10:42:50Z,2026-08-07T10:42:50Z,2026-08-07T10:42:50Z,2,2
