Id,START,STOP,PATIENT,ORGANIZATION,PROVIDER,PAYER,ENCOUNTERCLASS,CODE,DESCRIPTION,BASE_ENCOUNTER_COST,TOTAL_CLAIM_COST,PAYER_COVERAGE,REASONCODE,REASONDESCRIPTION
0f1067c3-9151-8829-27eb-8309d61c76bc,2024-06-17T06:11:46Z,2024-06-17T06:26:46Z,0f1067c3-9151-8829-56cd-2eff898db59c,41e2a44c-477c-3511-96f9-12c476aa3b6a,20c718f3-80bd-31d6-aad6-87c3e9f4cf73,df166300-5a78-3502-a46a-832842197811,outpatient,698314001,Consultation for treatment (procedure),142.58,142.58,92.58,389095005,Contraception care (regime/therapy)
0f1067c3-9151-8829-19cd-e106b8c82f16,2025-06-12T06:11:46Z,2025-06-12T06:26:46Z,0f1067c3-9151-8829-56cd-2eff898db59c,41e2a44c-477c-3511-96f9-12c476aa3b6a,20c718f3-80bd-31d6-aad6-87c3e9f4cf73,e03e23c9-4df1-3eb6-a62d-f70f02301496,outpatient,698314001,Consultation for treatment (procedure),142.58,142.58,0.00,389095005,Contraception care (regime/therapy)
0f1067c3-9151-8829-509a-237ba67519d9,2025-08-19T06:11:46Z,2025-08-19T09:29:21Z,0f1067c3-9151-8829-56cd-2eff898db59c,41e2a44c-477c-3511-96f9-12c476aa3b6a,20c718f3-80bd-31d6-aad6-87c3e9f4cf73,df166300-5a78-3502-a46a-832842197811,ambulatory,185349003,Encounter for check up (procedure),85.55,3536.75,3486.75,103697008,Patient referral for dental care (procedure)
0f1067c3-9151-8829-5151-1385c17feef0,2025-10-18T06:11:46Z,2025-10-18T07:39:30Z,0f1067c3-9151-8829-56cd-2eff898db59c,41e2a44c-477c-3511-96f9-12c476aa3b6a,20c718f3-80bd-31d6-aad6-87c3e9f4cf73,df166300-5a78-3502-a46a-832842197811,ambulatory,185345009,Encounter for symptom (procedure),85.55,5441.62,5391.62,307426000,Acute infective cystitis (disorder)
0f1067c3-9151-8829-0e72-aa23303c354c,2026-05-23T13:37:17Z,2026-05-23T14:24:32Z,0f1067c3-9151-8829-56cd-2eff898db59c,41e2a44c-477c-3511-96f9-12c476aa3b6a,20c718f3-80bd-31d6-aad6-87c3e9f4cf73,df166300-5a78-3502-a46a-832842197811,ambulatory,371883000,Outpatient procedure (procedure),142.58,11249.13,11199.13,609328004,Allergic disposition (finding)
0f1067c3-9151-8829-a72b-810268cecd7e,2026-06-07T06:11:46Z,2026-06-07T06:26:46Z,0f1067c3-9151-8829-56cd-2eff898db59c,41e2a44c-477c-3511-96f9-12c476aa3b6a,20c718f3-80bd-31d6-aad6-87c3e9f4cf73,df166300-5a78-3502-a46a-832842197811,outpatient,698314001,Consultation for treatment (procedure),142.58,142.58,92.58,389095005,Contraception care (regime/therapy)
0f1067c3-9151-8829-de48-2d3c2c990501,2026-06-18T14:24:32Z,2026-06-18T14:56:25Z,0f1067c3-9151-8829-56cd-2eff898db59c,41e2a44c-477c-3511-96f9-12c476aa3b6a,20c718f3-80bd-31d6-aad6-87c3e9f4cf73,df166300-5a78-3502-a46a-832842197811,ambulatory,371883000,Outpatient procedure (procedure),142.58,5263.67,5213.67,609328004,Allergic disposition (finding)
0f1067c3-9151-8829-59f8-7a2159ca140f,2026-07-12T14:56:25Z,2026-07-12T15:32:03Z,0f1067c3-9151-8829-56cd-2eff898db59c,41e2a44c-477c-3511-96f9-12c476aa3b6a,20c718f3-80bd-31d6-aad6-87c3e9f4cf73,e03e23c9-4df1-3eb6-a62d-f70f02301496,ambulatory,170838006,Allergic disorder follow-up assessment (regime/therapy),142.58,573.98,0.00,609328004,Allergic disposition (finding)
0f1067c3-9151-8829-17fb-cc1781f975a5,2026-08-11T06:11:46Z,2026-08-11T06:26:46Z,0f1067c3-9151-8829-56cd-2eff898db59c,39c15c0f-5c49-311e-99d2-1fb99d80e06e,de88b05c-83c6-3f8c-9bb3-b293885d0ef6,e03e23c9-4df1-3eb6-a62d-f70f02301496,wellness,410620009,Well child visit (procedure),136.80,1149.98,0.00,,
080b069b-5108-46b6-7ab2-0299361d5dc1,2024-02-25T12:43:42Z,2024-02-25T13:30:25Z,080b069b-5108-46b6-ecef-6aacd3b9ef3f,4fa643ae-1f58-3c2e-9f33-0ba56345ad10,34ce9b60-b439-3880-b344-5b6f73b2d7d1,df166300-5a78-3502-a46a-832842197811,wellness,162673000,General examination of patient (procedure),136.80,853.36,753.36,,
080b069b-5108-46b6-d01c-3a5eaf46dd64,2024-03-23T07:43:42Z,2024-03-23T07:58:42Z,080b069b-5108-46b6-ecef-6aacd3b9ef3f,4ffa4412-1493-3beb-b8f0-6614dde953a4,a0951dfd-f7ec-379e-9745-65b945611c0e,df166300-5a78-3502-a46a-832842197811,ambulatory,185345009,Encounter for symptom (procedure),85.55,85.55,35.55,444814009,Viral sinusitis (disorder)
080b069b-5108-46b6-b0e7-6e3396bc2b28,2025-03-02T12:43:42Z,2025-03-02T13:34:44Z,080b069b-5108-46b6-ecef-6aacd3b9ef3f,4fa643ae-1f58-3c2e-9f33-0ba56345ad10,34ce9b60-b439-3880-b344-5b6f73b2d7d1,df166300-5a78-3502-a46a-832842197811,wellness,162673000,General examination of patient (procedure),136.80,1001.28,901.28,,
080b069b-5108-46b6-ee2b-690482c94a73,2025-03-16T12:43:42Z,2025-03-16T15:34:08Z,080b069b-5108-46b6-ecef-6aacd3b9ef3f,4ffa4412-1493-3beb-b8f0-6614dde953a4,a0951dfd-f7ec-379e-9745-65b945611c0e,df166300-5a78-3502-a46a-832842197811,ambulatory,185349003,Encounter for check up (procedure),85.55,2673.95,2623.95,103697008,Patient referral for dental care (procedure)
080b069b-5108-46b6-ff59-3a28ec1074ef,2026-03-08T12:43:42Z,2026-03-08T13:23:19Z,080b069b-5108-46b6-ecef-6aacd3b9ef3f,4fa643ae-1f58-3c2e-9f33-0ba56345ad10,34ce9b60-b439-3880-b344-5b6f73b2d7d1,df166300-5a78-3502-a46a-832842197811,wellness,162673000,General examination of patient (procedure),136.80,778.78,678.78,,
26aa011e-0d75-d1a3-415f-d176c932a3b1,2019-01-09T07:28:05Z,2019-01-09T08:28:05Z,26aa011e-0d75-d1a3-3c5a-560a9450cc9d,0519b293-2e92-3eb3-aeef-233da0babc93,bcf66c40-a411-38cc-8ea1-7575b57edf78,0133f751-9229-3cfd-815f-b6d4979bdd6a,emergency,50849002,Emergency room admission (procedure),146.18,146.18,0.00,384709000,Sprain (morphologic abnormality)
26aa011e-0d75-d1a3-fc9f-f4b8e2fc482b,2022-03-10T07:28:05Z,2022-03-10T08:28:05Z,26aa011e-0d75-d1a3-3c5a-560a9450cc9d,0519b293-2e92-3eb3-aeef-233da0babc93,bcf66c40-a411-38cc-8ea1-7575b57edf78,8fa6c185-e44e-3e34-8bd8-39be8694f4ce,emergency,50849002,Emergency room admission (procedure),146.18,146.18,0.00,48333001,Burn injury (morphologic abnormality)
26aa011e-0d75-d1a3-842f-10d2e661e158,2023-05-19T07:28:05Z,2023-05-19T11:16:49Z,26aa011e-0d75-d1a3-3c5a-560a9450cc9d,5fcff9db-16e4-3e56-aa78-abbc16338097,1c1ddd10-c610-3689-9ab7-b3986e384521,8fa6c185-e44e-3e34-8bd8-39be8694f4ce,ambulatory,185349003,Encounter for check up (procedure),85.55,3536.75,4.82,103697008,Patient referral for dental care (procedure)
26aa011e-0d75-d1a3-c165-8b904776cd43,2026-02-21T09:28:05Z,2026-02-21T09:43:05Z,26aa011e-0d75-d1a3-3c5a-560a9450cc9d,5fcff9db-16e4-3e56-aa78-abbc16338097,1c1ddd10-c610-3689-9ab7-b3986e384521,734afbd6-4794-363b-9bc0-6a3981533ed5,ambulatory,185345009,Encounter for symptom (procedure),85.55,948.35,183.91,43878008,Streptococcal sore throat (disorder)
26aa011e-0d75-d1a3-5816-8edc738fd7b1,2026-05-22T07:28:05Z,2026-05-22T07:43:05Z,26aa011e-0d75-d1a3-3c5a-560a9450cc9d,10ffe7b1-2f94-3f12-9288-679da05a1ec9,88a61db7-ba03-3246-9969-5b41124629f9,734afbd6-4794-363b-9bc0-6a3981533ed5,wellness,410620009,Well child visit (procedure),136.80,914.78,0.00,,
26aa011e-0d75-d1a3-eadb-109edde8bfdc,2026-06-05T07:28:05Z,2026-06-05T10:23:10Z,26aa011e-0d75-d1a3-3c5a-560a9450cc9d,5fcff9db-16e4-3e56-aa78-abbc16338097,1c1ddd10-c610-3689-9ab7-b3986e384521,734afbd6-4794-363b-9bc0-6a3981533ed5,ambulatory,185349003,Encounter for check up (procedure),85.55,2673.95,1704.58,66383009,Gingivitis (disorder)
26aa011e-0d75-d1a3-706f-107f651ee7ff,2026-07-16T22:28:05Z,2026-07-16T22:47:12Z,26aa011e-0d75-d1a3-3c5a-560a9450cc9d,5fcff9db-16e4-3e56-aa78-abbc16338097,1c1ddd10-c610-3689-9ab7-b3986e384521,734afbd6-4794-363b-9bc0-6a3981533ed5,ambulatory,185345009,Encounter for symptom (procedure),85.55,120.06,96.05,10509002,Acute bronchitis (disorder)
26aa011e-0d75-d1a3-9a41-99d58913cd4b,2026-07-24T07:28:05Z,2026-07-24T07:43:05Z,26aa011e-0d75-d1a3-3c5a-560a9450cc9d,5fcff9db-16e4-3e56-aa78-abbc16338097,1c1ddd10-c610-3689-9ab7-b3986e384521,734afbd6-4794-363b-9bc0-6a3981533ed5,outpatient,185349003,Encounter for check up (procedure),85.55,732.65,586.12,,
26aa011e-0d75-d1a3-bbee-4eaa0cc94e85,2026-08-07T07:28:05Z,2026-08-07T10:42:50Z,26aa011e-0d75-d1a3-3c5a-560a9450cc9d,5fcff9db-16e4-3e56-aa78-abbc16338097,1c1ddd10-c610-3689-9ab7-b3986e384521,734afbd6-4794-363b-9bc0-6a3981533ed5,ambulatory,185349003,Encounter for check up (procedure),85.55,2673.95,2139.16,66383009,Gingivitis (disorder)
