START,STOP,PATIENT,PAYER,ENCOUNTER,CODE,DESCRIPTION,BASE_COST,PAYER_COVERAGE,DISPENSES,TOTALCOST,REASONCODE,REASONDESCRIPTION
2024-06-17T06:11:46Z,2025-06-12T06:11:46Z,0f1067c3-9151-8829-56cd-2eff898db59c,df166300-5a78-3502-a46a-832842197811,0f1067c3-9151-8829-27eb-8309d61c76bc,749762,{7 (ethinyl estradiol 0.01 MG Oral Tablet) / 84 (ethinyl estradiol 0.03 MG / levonorgestrel 0.15 MG Oral Tablet) } Pack [Seasonique],229.32,179.32,12,2751.84,,
2025-06-12T06:11:46Z,2026-06-07T06:11:46Z,0f1067c3-9151-8829-56cd-2eff898db59c,e03e23c9-4df1-3eb6-a62d-f70f02301496,0f1067c3-9151-8829-19cd-e106b8c82f16,749762,{7 (ethinyl estradiol 0.01 MG Oral Tablet) / 84 (ethinyl estradiol 0.03 MG / levonorgestrel 0.15 MG Oral Tablet) } Pack [Seasonique],764.40,0.00,12,9172.80,,
2025-08-19T08:46:06Z,2025-08-19T08:46:06Z,0f1067c3-9151-8829-56cd-2eff898db59c,df166300-5a78-3502-a46a-832842197811,0f1067c3-9151-8829-509a-237ba67519d9,1535362,sodium fluoride 0.0272 MG/MG Oral Gel,129.94,79.94,1,129.94,103697008,Patient referral for dental care (procedure)
2025-10-18T07:39:30Z,2025-10-19T14:39:30Z,0f1067c3-9151-8829-56cd-2eff898db59c,df166300-5a78-3502-a46a-832842197811,0f1067c3-9151-8829-5151-1385c17feef0,197454,cephalexin 500 MG Oral Tablet,129.94,79.94,1,129.94,307426000,Acute infective cystitis (disorder)
2026-06-07T06:11:46Z,,0f1067c3-9151-8829-56cd-2eff898db59c,df166300-5a78-3502-a46a-832842197811,0f1067c3-9151-8829-a72b-810268cecd7e,1367439,21 DAY ethinyl estradiol 0.000625 MG/HR / etonogestrel 0.005 MG/HR Vaginal System [NuvaRing],755.78,705.78,4,3023.12,,
2025-03-02T12:43:42Z,2026-03-08T12:43:42Z,080b069b-5108-46b6-ecef-6aacd3b9ef3f,df166300-5a78-3502-a46a-832842197811,080b069b-5108-46b6-b0e7-6e3396bc2b28,314076,lisinopril 10 MG Oral Tablet,0.91,0.00,4,3.64,59621000,Essential hypertension (disorder)
2025-03-02T12:43:42Z,2026-03-08T12:43:42Z,080b069b-5108-46b6-ecef-6aacd3b9ef3f,df166300-5a78-3502-a46a-832842197811,080b069b-5108-46b6-b0e7-6e3396bc2b28,308136,amLODIPine 2.5 MG Oral Tablet,1.37,0.00,4,5.48,59621000,Essential hypertension (disorder)
2026-03-08T12:43:42Z,,080b069b-5108-46b6-ecef-6aacd3b9ef3f,df166300-5a78-3502-a46a-832842197811,080b069b-5108-46b6-ff59-3a28ec1074ef,310798,Hydrochlorothiazide 25 MG Oral Tablet,0.45,0.00,2,0.90,59621000,Essential hypertension (disorder)
2026-03-08T12:43:42Z,,080b069b-5108-46b6-ecef-6aacd3b9ef3f,df166300-5a78-3502-a46a-832842197811,080b069b-5108-46b6-ff59-3a28ec1074ef,314076,lisinopril 10 MG Oral Tablet,0.91,0.00,2,1.82,59621000,Essential hypertension (disorder)
2026-03-08T12:43:42Z,,080b069b-5108-46b6-ecef-6aacd3b9ef3f,df166300-5a78-3502-a46a-832842197811,080b069b-5108-46b6-ff59-3a28ec1074ef,308136,amLODIPine 2.5 MG Oral Tablet,1.08,0.00,2,2.16,59621000,Essential hypertension (disorder)
2019-01-09T07:28:05Z,2019-01-28T07:28:05Z,26aa011e-0d75-d1a3-3c5a-560a9450cc9d,0133f751-9229-3cfd-815f-b6d4979bdd6a,26aa011e-0d75-d1a3-415f-d176c932a3b1,313820,Acetaminophen 160 MG Chewable Tablet,45.86,0.00,1,45.86,,
2022-03-10T07:28:05Z,2022-04-09T07:28:05Z,26aa011e-0d75-d1a3-3c5a-560a9450cc9d,8fa6c185-e44e-3e34-8bd8-39be8694f4ce,26aa011e-0d75-d1a3-fc9f-f4b8e2fc482b,313820,Acetaminophen 160 MG Chewable Tablet,102.91,0.00,1,102.91,,
2023-05-19T10:15:02Z,2023-05-19T10:15:02Z,26aa011e-0d75-d1a3-3c5a-560a9450cc9d,8fa6c185-e44e-3e34-8bd8-39be8694f4ce,26aa011e-0d75-d1a3-842f-10d2e661e158,1535362,sodium fluoride 0.0272 MG/MG Oral Gel,129.94,0.00,1,129.94,103697008,Patient referral for dental care (procedure)
2026-02-21T09:28:05Z,2026-03-02T05:28:05Z,26aa011e-0d75-d1a3-3c5a-560a9450cc9d,734afbd6-4794-363b-9bc0-6a3981533ed5,26aa011e-0d75-d1a3-c165-8b904776cd43,834061,Penicillin V Potassium 250 MG Oral Tablet,35.34,0.00,1,35.34,43878008,Streptococcal sore throat (disorder)
2026-07-16T22:47:12Z,2026-07-26T22:47:12Z,26aa011e-0d75-d1a3-3c5a-560a9450cc9d,734afbd6-4794-363b-9bc0-6a3981533ed5,26aa011e-0d75-d1a3-706f-107f651ee7ff,313782,Acetaminophen 325 MG Oral Tablet,161.52,129.22,1,161.52,10509002,Acute bronchitis (disorder)
